{
  "version": "1.0",
  "pesos": [
    1.0085618413708253,
    1.0085618413708253,
    1.0272852786392703,
    1.038714201915292,
    1.0345896628177251,
    0.983523719354951,
    1.0085618413708253,
    1.0085618413708253,
    1.0073984666998876,
    1.0097946014180952,
    1.0089564583064758,
    1.0085618413708253,
    0.4374943349449352,
    1.099866327760159,
    1.0428300862369846,
    1.0097946014180952,
    1.0085618413708253,
    0.4374943349449352,
    1.49897166883403,
    1.2723564929367117,
    1.0085618413708253,
    1.564466248645606,
    1.6188667603564193,
    0.8291087956509497,
    0.009993228152874104,
    1.0085618413708253
  ],
  "entrenado": true,
  "metricas": {
    "epochs": 15,
    "n_positivos": 235,
    "n_negativos": 9,
    "loss_inicial": 0.0184,
    "loss_final": 0.0013,
    "mejora": 0.0172,
    "tiempo_s": 0.45
  }
}